{"dataset_name": "airfoil", "num_samples": 1503, "num_features": 17, "depth_2": {"fold_1": [{"regularization": null, "num_leaves": 4, "train_mse": 40.02406170422201, "test_mse": 40.43647343826003}], "fold_2": [{"regularization": null, "num_leaves": 4, "train_mse": 39.79648024170158, "test_mse": 42.509058430441954}], "fold_3": [{"regularization": null, "num_leaves": 4, "train_mse": 39.537600788047484, "test_mse": 42.457654820061514}], "fold_4": [{"regularization": null, "num_leaves": 4, "train_mse": 39.338893296101084, "test_mse": 43.602252850161115}], "fold_5": [{"regularization": null, "num_leaves": 4, "train_mse": 41.34845681747055, "test_mse": 35.15364490459558}]}, "depth_3": {"fold_1": [{"regularization": null, "num_leaves": 8, "train_mse": 37.72071795282509, "test_mse": 40.46104850137243}], "fold_2": [{"regularization": null, "num_leaves": 8, "train_mse": 37.51398257809419, "test_mse": 40.39156494418457}], "fold_3": [{"regularization": null, "num_leaves": 8, "train_mse": 37.39248023735543, "test_mse": 41.87739314234938}], "fold_4": [{"regularization": null, "num_leaves": 8, "train_mse": 37.19635520465274, "test_mse": 43.2148128182823}], "fold_5": [{"regularization": null, "num_leaves": 8, "train_mse": 39.22235487894594, "test_mse": 33.868962775536836}]}, "depth_4": {"fold_1": [{"regularization": null, "num_leaves": 14, "train_mse": 34.74530901024993, "test_mse": 36.833899391843715}], "fold_2": [{"regularization": null, "num_leaves": 15, "train_mse": 34.85577165029307, "test_mse": 38.47518129176089}], "fold_3": [{"regularization": null, "num_leaves": 14, "train_mse": 34.954607313369316, "test_mse": 39.89621347172199}], "fold_4": [{"regularization": null, "num_leaves": 14, "train_mse": 34.41893308013289, "test_mse": 39.28455302164359}], "fold_5": [{"regularization": null, "num_leaves": 14, "train_mse": 36.27034894782289, "test_mse": 33.23528585353855}]}, "depth_5": {"fold_1": [{"regularization": null, "num_leaves": 23, "train_mse": 31.969771643977037, "test_mse": 33.811640851524075}], "fold_2": [{"regularization": null, "num_leaves": 25, "train_mse": 32.31919536053253, "test_mse": 35.24622645660747}], "fold_3": [{"regularization": null, "num_leaves": 23, "train_mse": 31.1319603903947, "test_mse": 35.59880142229293}], "fold_4": [{"regularization": null, "num_leaves": 23, "train_mse": 31.870214436352075, "test_mse": 37.13287489847664}], "fold_5": [{"regularization": null, "num_leaves": 23, "train_mse": 33.244772709277825, "test_mse": 32.31257052917884}]}}