{"dataset_name": "enb-heat", "num_samples": 768, "num_features": 27, "depth_2": {"fold_1": [{"regularization": null, "num_leaves": 4, "train_mse": 11.865519383094666, "test_mse": 10.150597148359918}], "fold_2": [{"regularization": null, "num_leaves": 4, "train_mse": 11.08796797969118, "test_mse": 13.227036925762562}], "fold_3": [{"regularization": null, "num_leaves": 4, "train_mse": 11.535098183950902, "test_mse": 11.888820285807343}], "fold_4": [{"regularization": null, "num_leaves": 4, "train_mse": 11.374546468146887, "test_mse": 12.200607165830489}], "fold_5": [{"regularization": null, "num_leaves": 4, "train_mse": 11.508457111825898, "test_mse": 11.552622445504696}]}, "depth_3": {"fold_1": [{"regularization": null, "num_leaves": 8, "train_mse": 6.953795238322077, "test_mse": 6.548820177166562}], "fold_2": [{"regularization": null, "num_leaves": 8, "train_mse": 6.565561551765646, "test_mse": 8.108610222754253}], "fold_3": [{"regularization": null, "num_leaves": 8, "train_mse": 6.913205878245143, "test_mse": 6.707974477275401}], "fold_4": [{"regularization": null, "num_leaves": 8, "train_mse": 6.876814393852161, "test_mse": 6.919638660381933}], "fold_5": [{"regularization": null, "num_leaves": 8, "train_mse": 6.972675636096123, "test_mse": 6.4633816768805215}]}, "depth_4": {"fold_1": [{"regularization": null, "num_leaves": 16, "train_mse": 4.196943795591849, "test_mse": 3.928205859718119}], "fold_2": [{"regularization": null, "num_leaves": 16, "train_mse": 3.941959332219281, "test_mse": 5.078728970850499}], "fold_3": [{"regularization": null, "num_leaves": 16, "train_mse": 4.186107869788692, "test_mse": 4.0127194010201315}], "fold_4": [{"regularization": null, "num_leaves": 16, "train_mse": 4.086004757540015, "test_mse": 4.379257035489335}], "fold_5": [{"regularization": null, "num_leaves": 16, "train_mse": 4.191918063916544, "test_mse": 3.973572121645964}]}, "depth_5": {"fold_1": [{"regularization": null, "num_leaves": 32, "train_mse": 1.2599940636608167, "test_mse": 1.2809268644989438}], "fold_2": [{"regularization": null, "num_leaves": 32, "train_mse": 1.244989143372332, "test_mse": 1.4041611644565135}], "fold_3": [{"regularization": null, "num_leaves": 32, "train_mse": 1.275765739515642, "test_mse": 1.2419413828939077}], "fold_4": [{"regularization": null, "num_leaves": 32, "train_mse": 1.2615803327566566, "test_mse": 1.2799006655737588}], "fold_5": [{"regularization": null, "num_leaves": 32, "train_mse": 1.2251108617711701, "test_mse": 1.427214163573585}]}}