{"dataset_name": "insurance", "num_samples": 1338, "num_features": 16, "depth_2": {"fold_1": [{"regularization": null, "num_leaves": 4, "train_mse": 40214571.45956468, "test_mse": 41774848.8003975}], "fold_2": [{"regularization": null, "num_leaves": 4, "train_mse": 41814669.858275525, "test_mse": 35298177.08537982}], "fold_3": [{"regularization": null, "num_leaves": 4, "train_mse": 40758425.82410108, "test_mse": 39674344.8478803}], "fold_4": [{"regularization": null, "num_leaves": 4, "train_mse": 38741889.27350776, "test_mse": 48009644.20824037}], "fold_5": [{"regularization": null, "num_leaves": 4, "train_mse": 40722824.51957211, "test_mse": 39864778.70188127}]}, "depth_3": {"fold_1": [{"regularization": null, "num_leaves": 8, "train_mse": 34043570.49718869, "test_mse": 37954602.9517828}], "fold_2": [{"regularization": null, "num_leaves": 8, "train_mse": 36015354.165451474, "test_mse": 30410253.61533633}], "fold_3": [{"regularization": null, "num_leaves": 8, "train_mse": 34870740.0415675, "test_mse": 34928719.66729988}], "fold_4": [{"regularization": null, "num_leaves": 8, "train_mse": 32318899.923908893, "test_mse": 46036038.93180911}], "fold_5": [{"regularization": null, "num_leaves": 8, "train_mse": 34696185.04562854, "test_mse": 35273507.35013386}]}, "depth_4": {"fold_1": [{"regularization": null, "num_leaves": 16, "train_mse": 28008767.839606367, "test_mse": 34058323.3132129}], "fold_2": [{"regularization": null, "num_leaves": 16, "train_mse": 32629776.080728706, "test_mse": 29762008.44492812}], "fold_3": [{"regularization": null, "num_leaves": 16, "train_mse": 29835204.421521433, "test_mse": 28198929.87068638}], "fold_4": [{"regularization": null, "num_leaves": 16, "train_mse": 29371260.507007543, "test_mse": 45199558.458490804}], "fold_5": [{"regularization": null, "num_leaves": 16, "train_mse": 29633924.967179783, "test_mse": 27188712.55757839}]}, "depth_5": {"fold_1": [{"regularization": null, "num_leaves": 31, "train_mse": 25882337.483599547, "test_mse": 32375446.915269483}], "fold_2": [{"regularization": null, "num_leaves": 30, "train_mse": 28603271.18862475, "test_mse": 24684954.974617846}], "fold_3": [{"regularization": null, "num_leaves": 32, "train_mse": 27506419.527033754, "test_mse": 29138838.278141256}], "fold_4": [{"regularization": null, "num_leaves": 30, "train_mse": 24647308.404947754, "test_mse": 40456551.922748886}], "fold_5": [{"regularization": null, "num_leaves": 31, "train_mse": 27595087.64132414, "test_mse": 26348682.8038638}]}}