{"dataset_name": "seoul-bike", "num_samples": 8760, "num_features": 32, "depth_2": {"fold_1": [{"regularization": null, "num_leaves": 4, "train_mse": 280486.9373570095, "test_mse": 309551.7117477865}], "fold_2": [{"regularization": null, "num_leaves": 4, "train_mse": 284713.9449744306, "test_mse": 292571.4548412029}], "fold_3": [{"regularization": null, "num_leaves": 4, "train_mse": 289096.1765052663, "test_mse": 275135.73964216624}], "fold_4": [{"regularization": null, "num_leaves": 4, "train_mse": 286331.3905412878, "test_mse": 286107.8010511526}], "fold_5": [{"regularization": null, "num_leaves": 4, "train_mse": 290724.62226288125, "test_mse": 268527.25781629956}]}, "depth_3": {"fold_1": [{"regularization": null, "num_leaves": 8, "train_mse": 232639.03367841034, "test_mse": 257894.81050723803}], "fold_2": [{"regularization": null, "num_leaves": 8, "train_mse": 234580.71319148826, "test_mse": 250161.04781037066}], "fold_3": [{"regularization": null, "num_leaves": 8, "train_mse": 240652.52600684259, "test_mse": 225829.28292532673}], "fold_4": [{"regularization": null, "num_leaves": 8, "train_mse": 239045.75481130855, "test_mse": 232344.44758529504}], "fold_5": [{"regularization": null, "num_leaves": 8, "train_mse": 241398.00462614838, "test_mse": 222908.86246779718}]}, "depth_4": {"fold_1": [{"regularization": null, "num_leaves": 16, "train_mse": 189459.93335534318, "test_mse": 210882.81277265877}], "fold_2": [{"regularization": null, "num_leaves": 16, "train_mse": 193498.15361058852, "test_mse": 196525.67444958715}], "fold_3": [{"regularization": null, "num_leaves": 16, "train_mse": 194944.56506393434, "test_mse": 188814.231308739}], "fold_4": [{"regularization": null, "num_leaves": 16, "train_mse": 193849.7419373248, "test_mse": 195156.48367577014}], "fold_5": [{"regularization": null, "num_leaves": 16, "train_mse": 196321.8334629384, "test_mse": 183351.81154040835}]}, "depth_5": {"fold_1": [{"regularization": null, "num_leaves": 31, "train_mse": 154644.79599976834, "test_mse": 169563.45506839105}], "fold_2": [{"regularization": null, "num_leaves": 30, "train_mse": 157552.41397764068, "test_mse": 161146.3838336314}], "fold_3": [{"regularization": null, "num_leaves": 31, "train_mse": 158142.15537251017, "test_mse": 155015.18604429346}], "fold_4": [{"regularization": null, "num_leaves": 30, "train_mse": 158976.13764351484, "test_mse": 155990.30246487135}], "fold_5": [{"regularization": null, "num_leaves": 31, "train_mse": 158898.01548967647, "test_mse": 151722.3478063155}]}}