{"dataset_name": "servo", "num_samples": 167, "num_features": 15, "depth_2": {"fold_1": [{"regularization": null, "num_leaves": 4, "train_mse": 1.5339757922298454, "test_mse": 1.9742157894823833}], "fold_2": [{"regularization": null, "num_leaves": 4, "train_mse": 1.6976034583982313, "test_mse": 1.3262357681597796}], "fold_3": [{"regularization": null, "num_leaves": 4, "train_mse": 1.565433424088574, "test_mse": 2.3271650566230235}], "fold_4": [{"regularization": null, "num_leaves": 4, "train_mse": 1.552826556269199, "test_mse": 1.868191857507895}], "fold_5": [{"regularization": null, "num_leaves": 4, "train_mse": 1.5867513999760505, "test_mse": 1.7139809029652897}]}, "depth_3": {"fold_1": [{"regularization": null, "num_leaves": 8, "train_mse": 1.3048006262667826, "test_mse": 1.601284070485847}], "fold_2": [{"regularization": null, "num_leaves": 8, "train_mse": 1.3798969214393797, "test_mse": 1.3587993531288554}], "fold_3": [{"regularization": null, "num_leaves": 8, "train_mse": 0.8873988132300702, "test_mse": 1.2610523412391748}], "fold_4": [{"regularization": null, "num_leaves": 8, "train_mse": 1.295656506607445, "test_mse": 1.7069732142287388}], "fold_5": [{"regularization": null, "num_leaves": 8, "train_mse": 1.3680747954737082, "test_mse": 1.5250421580979436}]}, "depth_4": {"fold_1": [{"regularization": null, "num_leaves": 16, "train_mse": 0.8903019512201966, "test_mse": 0.8208887034513472}], "fold_2": [{"regularization": null, "num_leaves": 16, "train_mse": 0.8527502370175287, "test_mse": 0.9505967186895186}], "fold_3": [{"regularization": null, "num_leaves": 16, "train_mse": 0.5858525108870115, "test_mse": 1.2225513451005323}], "fold_4": [{"regularization": null, "num_leaves": 16, "train_mse": 0.8119429986564138, "test_mse": 1.1270414491293796}], "fold_5": [{"regularization": null, "num_leaves": 16, "train_mse": 0.9283548833022107, "test_mse": 0.7487438714370568}]}, "depth_5": {"fold_1": [{"regularization": null, "num_leaves": 29, "train_mse": 0.6766243491291339, "test_mse": 0.7196721493718572}], "fold_2": [{"regularization": null, "num_leaves": 29, "train_mse": 0.6351280344206062, "test_mse": 0.8961678153411858}], "fold_3": [{"regularization": null, "num_leaves": 29, "train_mse": 0.45161917349309555, "test_mse": 1.032163876111304}], "fold_4": [{"regularization": null, "num_leaves": 27, "train_mse": 0.5981494286510349, "test_mse": 1.7568769960549204}], "fold_5": [{"regularization": null, "num_leaves": 30, "train_mse": 0.7950907945181491, "test_mse": 0.6720307203362182}]}}