{"dataset_name": "sync", "num_samples": 557, "num_features": 12, "depth_2": {"fold_1": [{"regularization": null, "num_leaves": 4, "train_mse": 0.0073203230296781515, "test_mse": 0.005584675190846578}], "fold_2": [{"regularization": null, "num_leaves": 4, "train_mse": 0.009612028631756395, "test_mse": 0.008645527337749865}], "fold_3": [{"regularization": null, "num_leaves": 4, "train_mse": 0.008998726628551761, "test_mse": 0.01112753448874502}], "fold_4": [{"regularization": null, "num_leaves": 4, "train_mse": 0.00968232369204939, "test_mse": 0.00837085987110632}], "fold_5": [{"regularization": null, "num_leaves": 4, "train_mse": 0.009346630281475412, "test_mse": 0.009671784516789666}]}, "depth_3": {"fold_1": [{"regularization": null, "num_leaves": 8, "train_mse": 0.002461064318951172, "test_mse": 0.002509984586677404}], "fold_2": [{"regularization": null, "num_leaves": 8, "train_mse": 0.0033449895962892884, "test_mse": 0.0037587139845284413}], "fold_3": [{"regularization": null, "num_leaves": 8, "train_mse": 0.003422259664218044, "test_mse": 0.003450686673263555}], "fold_4": [{"regularization": null, "num_leaves": 8, "train_mse": 0.0033708205568499707, "test_mse": 0.003646543716788324}], "fold_5": [{"regularization": null, "num_leaves": 8, "train_mse": 0.0033532360361061583, "test_mse": 0.0036959513984634804}]}, "depth_4": {"fold_1": [{"regularization": null, "num_leaves": 12, "train_mse": 0.0020823616639357393, "test_mse": 0.0022394700917072433}], "fold_2": [{"regularization": null, "num_leaves": 13, "train_mse": 0.0020447841069103773, "test_mse": 0.0018838780044163027}], "fold_3": [{"regularization": null, "num_leaves": 13, "train_mse": 0.001989578242839246, "test_mse": 0.002118918940602314}], "fold_4": [{"regularization": null, "num_leaves": 13, "train_mse": 0.001932863330063219, "test_mse": 0.002317972737896775}], "fold_5": [{"regularization": null, "num_leaves": 13, "train_mse": 0.0019705846800384045, "test_mse": 0.0022078345310619463}]}, "depth_5": {"fold_1": [{"regularization": null, "num_leaves": 18, "train_mse": 0.0017536346128897184, "test_mse": 0.001925915859778089}], "fold_2": [{"regularization": null, "num_leaves": 18, "train_mse": 0.001803256931439185, "test_mse": 0.0017156370743829715}], "fold_3": [{"regularization": null, "num_leaves": 18, "train_mse": 0.0017398552339328807, "test_mse": 0.001806171023175023}], "fold_4": [{"regularization": null, "num_leaves": 18, "train_mse": 0.001679857119499293, "test_mse": 0.0020204321036655787}], "fold_5": [{"regularization": null, "num_leaves": 18, "train_mse": 0.0017297877411105345, "test_mse": 0.0019624459929471695}]}}