{"dataset_name": "airfoil", "num_samples": 1503, "num_features": 17, "depth_2": [{"num_leaves": 4, "time": 0.0018725395202636719}], "depth_3": [{"num_leaves": 8, "time": 0.001642465591430664}], "depth_4": [{"num_leaves": 14, "time": 0.001722097396850586}], "depth_5": [{"num_leaves": 23, "time": 0.0018548965454101562}], "depth_6": [{"num_leaves": 35, "time": 0.0019605159759521484}], "depth_7": [{"num_leaves": 51, "time": 0.00201416015625}], "depth_8": [{"num_leaves": 71, "time": 0.0021142959594726562}], "depth_9": [{"num_leaves": 87, "time": 0.002143383026123047}]}