{"dataset_name": "airquality", "num_samples": 111, "num_features": 16, "depth_2": [{"num_leaves": 4, "time": 0.001485586166381836}], "depth_3": [{"num_leaves": 8, "time": 0.001173257827758789}], "depth_4": [{"num_leaves": 14, "time": 0.0011560916900634766}], "depth_5": [{"num_leaves": 25, "time": 0.001178741455078125}], "depth_6": [{"num_leaves": 40, "time": 0.0011439323425292969}], "depth_7": [{"num_leaves": 55, "time": 0.001245260238647461}], "depth_8": [{"num_leaves": 70, "time": 0.0011763572692871094}], "depth_9": [{"num_leaves": 79, "time": 0.001226186752319336}]}