{"dataset_name": "auction", "num_samples": 2043, "num_features": 48, "depth_2": [{"num_leaves": 4, "time": 0.002659320831298828}], "depth_3": [{"num_leaves": 8, "time": 0.002864360809326172}], "depth_4": [{"num_leaves": 16, "time": 0.003183603286743164}], "depth_5": [{"num_leaves": 32, "time": 0.003473043441772461}], "depth_6": [{"num_leaves": 64, "time": 0.003838062286376953}], "depth_7": [{"num_leaves": 122, "time": 0.004218578338623047}], "depth_8": [{"num_leaves": 200, "time": 0.0045778751373291016}], "depth_9": [{"num_leaves": 298, "time": 0.004910945892333984}]}