{"dataset_name": "enb-heat", "num_samples": 768, "num_features": 27, "depth_2": [{"num_leaves": 4, "time": 0.0020406246185302734}], "depth_3": [{"num_leaves": 8, "time": 0.0016584396362304688}], "depth_4": [{"num_leaves": 16, "time": 0.0017561912536621094}], "depth_5": [{"num_leaves": 32, "time": 0.0018761157989501953}], "depth_6": [{"num_leaves": 63, "time": 0.001950979232788086}], "depth_7": [{"num_leaves": 117, "time": 0.00208282470703125}], "depth_8": [{"num_leaves": 197, "time": 0.002217531204223633}], "depth_9": [{"num_leaves": 304, "time": 0.0023467540740966797}]}