{"dataset_name": "enb-cool", "num_samples": 768, "num_features": 27, "depth_2": [{"num_leaves": 4, "time": 0.002149343490600586}], "depth_3": [{"num_leaves": 8, "time": 0.0016765594482421875}], "depth_4": [{"num_leaves": 16, "time": 0.0017609596252441406}], "depth_5": [{"num_leaves": 32, "time": 0.0018656253814697266}], "depth_6": [{"num_leaves": 63, "time": 0.0019655227661132812}], "depth_7": [{"num_leaves": 116, "time": 0.0020978450775146484}], "depth_8": [{"num_leaves": 199, "time": 0.0022132396697998047}], "depth_9": [{"num_leaves": 306, "time": 0.0023424625396728516}]}