{"dataset_name": "garment", "num_samples": 691, "num_features": 48, "depth_2": [{"num_leaves": 4, "time": 0.0020661354064941406}], "depth_3": [{"num_leaves": 8, "time": 0.001967191696166992}], "depth_4": [{"num_leaves": 16, "time": 0.0019652843475341797}], "depth_5": [{"num_leaves": 30, "time": 0.0021834373474121094}], "depth_6": [{"num_leaves": 48, "time": 0.002282857894897461}], "depth_7": [{"num_leaves": 77, "time": 0.0023679733276367188}], "depth_8": [{"num_leaves": 117, "time": 0.0026106834411621094}], "depth_9": [{"num_leaves": 164, "time": 0.0027260780334472656}]}