{"dataset_name": "insurance", "num_samples": 1338, "num_features": 16, "depth_2": [{"num_leaves": 4, "time": 0.002888202667236328}], "depth_3": [{"num_leaves": 8, "time": 0.0021190643310546875}], "depth_4": [{"num_leaves": 16, "time": 0.002000570297241211}], "depth_5": [{"num_leaves": 31, "time": 0.0020253658294677734}], "depth_6": [{"num_leaves": 57, "time": 0.002008676528930664}], "depth_7": [{"num_leaves": 104, "time": 0.0021855831146240234}], "depth_8": [{"num_leaves": 167, "time": 0.002373933792114258}], "depth_9": [{"num_leaves": 247, "time": 0.002506732940673828}]}