{"dataset_name": "optical", "num_samples": 640, "num_features": 29, "depth_2": [{"num_leaves": 4, "time": 0.001749277114868164}], "depth_3": [{"num_leaves": 8, "time": 0.00156402587890625}], "depth_4": [{"num_leaves": 16, "time": 0.0016629695892333984}], "depth_5": [{"num_leaves": 32, "time": 0.0018093585968017578}], "depth_6": [{"num_leaves": 61, "time": 0.0019145011901855469}], "depth_7": [{"num_leaves": 112, "time": 0.002063274383544922}], "depth_8": [{"num_leaves": 187, "time": 0.0022134780883789062}], "depth_9": [{"num_leaves": 281, "time": 0.0023925304412841797}]}