{"dataset_name": "real-estate", "num_samples": 414, "num_features": 18, "depth_2": [{"num_leaves": 4, "time": 0.0017383098602294922}], "depth_3": [{"num_leaves": 8, "time": 0.0014095306396484375}], "depth_4": [{"num_leaves": 16, "time": 0.0014295578002929688}], "depth_5": [{"num_leaves": 30, "time": 0.0014965534210205078}], "depth_6": [{"num_leaves": 49, "time": 0.0015363693237304688}], "depth_7": [{"num_leaves": 72, "time": 0.0015785694122314453}], "depth_8": [{"num_leaves": 95, "time": 0.0016360282897949219}], "depth_9": [{"num_leaves": 121, "time": 0.0015950202941894531}]}