{"dataset_name": "seoul-bike", "num_samples": 8760, "num_features": 32, "depth_2": [{"num_leaves": 4, "time": 0.004546165466308594}], "depth_3": [{"num_leaves": 8, "time": 0.005228281021118164}], "depth_4": [{"num_leaves": 16, "time": 0.0063135623931884766}], "depth_5": [{"num_leaves": 31, "time": 0.007295131683349609}], "depth_6": [{"num_leaves": 58, "time": 0.008127212524414062}], "depth_7": [{"num_leaves": 105, "time": 0.008882522583007812}], "depth_8": [{"num_leaves": 185, "time": 0.009880542755126953}], "depth_9": [{"num_leaves": 303, "time": 0.010335206985473633}]}