{"dataset_name": "servo", "num_samples": 167, "num_features": 15, "depth_2": [{"num_leaves": 4, "time": 0.0016214847564697266}], "depth_3": [{"num_leaves": 8, "time": 0.001287698745727539}], "depth_4": [{"num_leaves": 16, "time": 0.0013706684112548828}], "depth_5": [{"num_leaves": 29, "time": 0.0012898445129394531}], "depth_6": [{"num_leaves": 47, "time": 0.0013391971588134766}], "depth_7": [{"num_leaves": 69, "time": 0.0013859272003173828}], "depth_8": [{"num_leaves": 95, "time": 0.001329183578491211}], "depth_9": [{"num_leaves": 118, "time": 0.0013229846954345703}]}