{"dataset_name": "sync", "num_samples": 557, "num_features": 12, "depth_2": [{"num_leaves": 4, "time": 0.0016798973083496094}], "depth_3": [{"num_leaves": 8, "time": 0.001474618911743164}], "depth_4": [{"num_leaves": 13, "time": 0.0014455318450927734}], "depth_5": [{"num_leaves": 18, "time": 0.0014824867248535156}], "depth_6": [{"num_leaves": 23, "time": 0.0014796257019042969}], "depth_7": [{"num_leaves": 29, "time": 0.0015075206756591797}], "depth_8": [{"num_leaves": 34, "time": 0.0015208721160888672}], "depth_9": [{"num_leaves": 35, "time": 0.0015153884887695312}]}