{"dataset_name": "yacht", "num_samples": 308, "num_features": 35, "depth_2": [{"num_leaves": 4, "time": 0.0018389225006103516}], "depth_3": [{"num_leaves": 8, "time": 0.0015485286712646484}], "depth_4": [{"num_leaves": 15, "time": 0.001567840576171875}], "depth_5": [{"num_leaves": 24, "time": 0.0017404556274414062}], "depth_6": [{"num_leaves": 34, "time": 0.0017292499542236328}], "depth_7": [{"num_leaves": 46, "time": 0.0017123222351074219}], "depth_8": [{"num_leaves": 57, "time": 0.0017600059509277344}], "depth_9": [{"num_leaves": 67, "time": 0.0018439292907714844}]}