{"dataset_name": "airfoil", "num_samples": 1503, "num_features": 17, "depth_2": [{"num_leaves": 4, "train_mse": 40.09681891219566}], "depth_3": [{"num_leaves": 8, "train_mse": 38.077014010349004}], "depth_4": [{"num_leaves": 14, "train_mse": 35.11409153925047}], "depth_5": [{"num_leaves": 23, "train_mse": 32.33830497641953}], "depth_6": [{"num_leaves": 35, "train_mse": 29.912314083978373}], "depth_7": [{"num_leaves": 51, "train_mse": 28.224931732887548}], "depth_8": [{"num_leaves": 71, "train_mse": 26.840169495377246}], "depth_9": [{"num_leaves": 87, "train_mse": 25.470373420881693}]}