{"dataset_name": "airquality", "num_samples": 111, "num_features": 16, "depth_2": [{"num_leaves": 4, "train_mse": 465.24241137241137}], "depth_3": [{"num_leaves": 8, "train_mse": 376.0971971971972}], "depth_4": [{"num_leaves": 14, "train_mse": 302.19420420420425}], "depth_5": [{"num_leaves": 25, "train_mse": 225.07474479974476}], "depth_6": [{"num_leaves": 40, "train_mse": 125.21349783849784}], "depth_7": [{"num_leaves": 55, "train_mse": 70.60345345345345}], "depth_8": [{"num_leaves": 70, "train_mse": 33.89357084357084}], "depth_9": [{"num_leaves": 79, "train_mse": 26.610660660660656}]}