{"dataset_name": "auction", "num_samples": 2043, "num_features": 48, "depth_2": [{"num_leaves": 4, "train_mse": 57299334.37144228}], "depth_3": [{"num_leaves": 8, "train_mse": 26311740.627234176}], "depth_4": [{"num_leaves": 16, "train_mse": 18977314.878518466}], "depth_5": [{"num_leaves": 32, "train_mse": 14677820.62258735}], "depth_6": [{"num_leaves": 64, "train_mse": 12130771.556185279}], "depth_7": [{"num_leaves": 122, "train_mse": 10222296.402825689}], "depth_8": [{"num_leaves": 200, "train_mse": 8058524.663996466}], "depth_9": [{"num_leaves": 298, "train_mse": 6427752.785246946}]}