{"dataset_name": "enb-heat", "num_samples": 768, "num_features": 27, "depth_2": [{"num_leaves": 4, "train_mse": 11.510623327538077}], "depth_3": [{"num_leaves": 8, "train_mse": 6.865780767163826}], "depth_4": [{"num_leaves": 16, "train_mse": 4.136254380208333}], "depth_5": [{"num_leaves": 32, "train_mse": 1.2599612458767362}], "depth_6": [{"num_leaves": 63, "train_mse": 0.3327050737847222}], "depth_7": [{"num_leaves": 117, "train_mse": 0.19597356608072922}], "depth_8": [{"num_leaves": 197, "train_mse": 0.09800162865909534}], "depth_9": [{"num_leaves": 304, "train_mse": 0.06433198929398151}]}