{"dataset_name": "enb-cool", "num_samples": 768, "num_features": 27, "depth_2": [{"num_leaves": 4, "train_mse": 9.320272297261555}], "depth_3": [{"num_leaves": 8, "train_mse": 6.6355743804450755}], "depth_4": [{"num_leaves": 16, "train_mse": 4.561015063397648}], "depth_5": [{"num_leaves": 32, "train_mse": 3.2461641859809034}], "depth_6": [{"num_leaves": 63, "train_mse": 2.529791148003472}], "depth_7": [{"num_leaves": 116, "train_mse": 2.112276928891782}], "depth_8": [{"num_leaves": 199, "train_mse": 1.5691441893325617}], "depth_9": [{"num_leaves": 306, "train_mse": 1.0642265653935186}]}