{"dataset_name": "garment", "num_samples": 691, "num_features": 48, "depth_2": [{"num_leaves": 4, "train_mse": 0.013439684863069552}], "depth_3": [{"num_leaves": 8, "train_mse": 0.01037279830476884}], "depth_4": [{"num_leaves": 16, "train_mse": 0.007137012450804401}], "depth_5": [{"num_leaves": 30, "train_mse": 0.006125155679788201}], "depth_6": [{"num_leaves": 48, "train_mse": 0.005294684482738325}], "depth_7": [{"num_leaves": 77, "train_mse": 0.004553656322166559}], "depth_8": [{"num_leaves": 117, "train_mse": 0.0038281827790402644}], "depth_9": [{"num_leaves": 164, "train_mse": 0.002962889303267706}]}