{"dataset_name": "insurance", "num_samples": 1338, "num_features": 16, "depth_2": [{"num_leaves": 4, "train_mse": 40496967.35694475}], "depth_3": [{"num_leaves": 8, "train_mse": 34770295.5740892}], "depth_4": [{"num_leaves": 16, "train_mse": 29056718.86690146}], "depth_5": [{"num_leaves": 31, "train_mse": 27021475.467939414}], "depth_6": [{"num_leaves": 57, "train_mse": 25125499.887293488}], "depth_7": [{"num_leaves": 104, "train_mse": 23566815.021437816}], "depth_8": [{"num_leaves": 167, "train_mse": 21622347.76840038}], "depth_9": [{"num_leaves": 247, "train_mse": 19673525.175080765}]}