{"dataset_name": "optical", "num_samples": 640, "num_features": 29, "depth_2": [{"num_leaves": 4, "train_mse": 40147.40198071771}], "depth_3": [{"num_leaves": 8, "train_mse": 29640.732377977332}], "depth_4": [{"num_leaves": 16, "train_mse": 8628.592686636457}], "depth_5": [{"num_leaves": 32, "train_mse": 2045.118532336699}], "depth_6": [{"num_leaves": 61, "train_mse": 472.4478152655944}], "depth_7": [{"num_leaves": 112, "train_mse": 68.25807252741082}], "depth_8": [{"num_leaves": 187, "train_mse": 0.005039063764473172}], "depth_9": [{"num_leaves": 281, "train_mse": 0.003014271326100478}]}