{"dataset_name": "real-estate", "num_samples": 414, "num_features": 18, "depth_2": [{"num_leaves": 4, "train_mse": 104.1851577825188}], "depth_3": [{"num_leaves": 8, "train_mse": 81.19613177269677}], "depth_4": [{"num_leaves": 16, "train_mse": 69.55643307499246}], "depth_5": [{"num_leaves": 30, "train_mse": 60.568496674334355}], "depth_6": [{"num_leaves": 49, "train_mse": 52.58894007415687}], "depth_7": [{"num_leaves": 72, "train_mse": 47.163004545621455}], "depth_8": [{"num_leaves": 95, "train_mse": 41.87143847722236}], "depth_9": [{"num_leaves": 121, "train_mse": 38.49958304487315}]}