{"dataset_name": "seoul-bike", "num_samples": 8760, "num_features": 32, "depth_2": [{"num_leaves": 4, "train_mse": 286281.42966928566}], "depth_3": [{"num_leaves": 8, "train_mse": 237679.64309066485}], "depth_4": [{"num_leaves": 16, "train_mse": 193701.33386054318}], "depth_5": [{"num_leaves": 31, "train_mse": 157408.2519402226}], "depth_6": [{"num_leaves": 58, "train_mse": 141760.52946630577}], "depth_7": [{"num_leaves": 105, "train_mse": 132392.7029918601}], "depth_8": [{"num_leaves": 185, "train_mse": 124654.16474447283}], "depth_9": [{"num_leaves": 303, "train_mse": 118366.54040357893}]}