{"dataset_name": "servo", "num_samples": 167, "num_features": 15, "depth_2": [{"num_leaves": 4, "train_mse": 1.611011526777267}], "depth_3": [{"num_leaves": 8, "train_mse": 1.3552327406335785}], "depth_4": [{"num_leaves": 16, "train_mse": 0.859420138922443}], "depth_5": [{"num_leaves": 29, "train_mse": 0.6701147463791137}], "depth_6": [{"num_leaves": 47, "train_mse": 0.5299930827096165}], "depth_7": [{"num_leaves": 69, "train_mse": 0.4103395153844219}], "depth_8": [{"num_leaves": 95, "train_mse": 0.3154991643060355}], "depth_9": [{"num_leaves": 118, "train_mse": 0.2165178623482338}]}