{"dataset_name": "sync", "num_samples": 557, "num_features": 12, "depth_2": [{"num_leaves": 4, "train_mse": 0.009410130922326693}], "depth_3": [{"num_leaves": 8, "train_mse": 0.0034195941267354136}], "depth_4": [{"num_leaves": 13, "train_mse": 0.0020013214451287597}], "depth_5": [{"num_leaves": 18, "train_mse": 0.0017756411657232757}], "depth_6": [{"num_leaves": 23, "train_mse": 0.0016083023836092883}], "depth_7": [{"num_leaves": 29, "train_mse": 0.0014688027120905239}], "depth_8": [{"num_leaves": 34, "train_mse": 0.0013918540087906424}], "depth_9": [{"num_leaves": 35, "train_mse": 0.0013761673414940346}]}