{"dataset_name": "yacht", "num_samples": 308, "num_features": 35, "depth_2": [{"num_leaves": 4, "train_mse": 64.25018697380811}], "depth_3": [{"num_leaves": 8, "train_mse": 63.58855473887855}], "depth_4": [{"num_leaves": 15, "train_mse": 63.18420848607245}], "depth_5": [{"num_leaves": 24, "train_mse": 62.88142658783767}], "depth_6": [{"num_leaves": 34, "train_mse": 62.70061054202741}], "depth_7": [{"num_leaves": 46, "train_mse": 62.6360303030303}], "depth_8": [{"num_leaves": 57, "train_mse": 62.60689109758297}], "depth_9": [{"num_leaves": 67, "train_mse": 62.58691059343435}]}